experiment,cohort,date,spout,solution
abb,1,04/25/2022,spout01,sucrose05
abb,1,04/25/2022,spout02,sucrose20
abb,1,04/25/2022,spout03,sucrose00
abb,1,04/25/2022,spout04,sucrose30
abb,1,04/25/2022,spout05,sucrose10
abb,1,04/26/2022,spout01,sucrose30
abb,1,04/26/2022,spout02,sucrose10
abb,1,04/26/2022,spout03,sucrose20
abb,1,04/26/2022,spout04,sucrose00
abb,1,04/26/2022,spout05,sucrose05
abb,1,04/27/2022,spout01,sucrose20
abb,1,04/27/2022,spout02,sucrose30
abb,1,04/27/2022,spout03,sucrose05
abb,1,04/27/2022,spout04,sucrose10
abb,1,04/27/2022,spout05,sucrose00
abb,1,04/28/2022,spout01,sucrose00
abb,1,04/28/2022,spout02,sucrose05
abb,1,04/28/2022,spout03,sucrose10
abb,1,04/28/2022,spout04,sucrose20
abb,1,04/28/2022,spout05,sucrose30
abb,1,05/04/2022,spout01,sucrose30
abb,1,05/04/2022,spout02,sucrose10
abb,1,05/04/2022,spout03,sucrose20
abb,1,05/04/2022,spout04,sucrose00
abb,1,05/04/2022,spout05,sucrose05
abb,1,05/05/2022,spout01,sucrose10
abb,1,05/05/2022,spout02,sucrose00
abb,1,05/05/2022,spout03,sucrose30
abb,1,05/05/2022,spout04,sucrose05
abb,1,05/05/2022,spout05,sucrose20
abb,1,05/06/2022,spout01,sucrose05
abb,1,05/06/2022,spout02,sucrose20
abb,1,05/06/2022,spout03,sucrose00
abb,1,05/06/2022,spout04,sucrose30
abb,1,05/06/2022,spout05,sucrose10
abb,1,05/11/2022,spout01,nacl050
abb,1,05/11/2022,spout02,nacl025
abb,1,05/11/2022,spout03,nacl100
abb,1,05/11/2022,spout04,nacl000
abb,1,05/11/2022,spout05,nacl150
abb,1,05/12/2022,spout01,nacl000
abb,1,05/12/2022,spout02,nacl050
abb,1,05/12/2022,spout03,nacl150
abb,1,05/12/2022,spout04,nacl100
abb,1,05/12/2022,spout05,nacl025
abb,1,05/13/2022,spout01,nacl150
abb,1,05/13/2022,spout02,nacl000
abb,1,05/13/2022,spout03,nacl050
abb,1,05/13/2022,spout04,nacl025
abb,1,05/13/2022,spout05,nacl100
aaw,3,05/25/2022,spout01,sucrose20
aaw,3,05/25/2022,spout02,sucrose30
aaw,3,05/25/2022,spout03,sucrose05
aaw,3,05/25/2022,spout04,sucrose10
aaw,3,05/25/2022,spout05,sucrose00
abb,2,05/25/2022,spout01,sucrose20
abb,2,05/25/2022,spout02,sucrose30
abb,2,05/25/2022,spout03,sucrose05
abb,2,05/25/2022,spout04,sucrose10
abb,2,05/25/2022,spout05,sucrose00
aaw,3,05/26/2022,spout01,sucrose00
aaw,3,05/26/2022,spout02,sucrose05
aaw,3,05/26/2022,spout03,sucrose10
aaw,3,05/26/2022,spout04,sucrose20
aaw,3,05/26/2022,spout05,sucrose30
abb,2,05/26/2022,spout01,sucrose00
abb,2,05/26/2022,spout02,sucrose05
abb,2,05/26/2022,spout03,sucrose10
abb,2,05/26/2022,spout04,sucrose20
abb,2,05/26/2022,spout05,sucrose30
aaw,3,05/27/2022,spout01,sucrose10
aaw,3,05/27/2022,spout02,sucrose00
aaw,3,05/27/2022,spout03,sucrose30
aaw,3,05/27/2022,spout04,sucrose05
aaw,3,05/27/2022,spout05,sucrose20
abb,2,05/27/2022,spout01,sucrose10
abb,2,05/27/2022,spout02,sucrose00
abb,2,05/27/2022,spout03,sucrose30
abb,2,05/27/2022,spout04,sucrose05
abb,2,05/27/2022,spout05,sucrose20
aaw,3,06/08/2022,spout01,sucrose00
aaw,3,06/08/2022,spout02,sucrose05
aaw,3,06/08/2022,spout03,sucrose10
aaw,3,06/08/2022,spout04,sucrose20
aaw,3,06/08/2022,spout05,sucrose30
abb,2,06/08/2022,spout01,sucrose00
abb,2,06/08/2022,spout02,sucrose05
abb,2,06/08/2022,spout03,sucrose10
abb,2,06/08/2022,spout04,sucrose20
abb,2,06/08/2022,spout05,sucrose30
aaw,3,06/09/2022,spout01,sucrose10
aaw,3,06/09/2022,spout02,sucrose00
aaw,3,06/09/2022,spout03,sucrose30
aaw,3,06/09/2022,spout04,sucrose05
aaw,3,06/09/2022,spout05,sucrose20
abb,2,06/09/2022,spout01,sucrose10
abb,2,06/09/2022,spout02,sucrose00
abb,2,06/09/2022,spout03,sucrose30
abb,2,06/09/2022,spout04,sucrose05
abb,2,06/09/2022,spout05,sucrose20
aaw,3,06/10/2022,spout01,sucrose05
aaw,3,06/10/2022,spout02,sucrose20
aaw,3,06/10/2022,spout03,sucrose00
aaw,3,06/10/2022,spout04,sucrose30
aaw,3,06/10/2022,spout05,sucrose10
abb,2,06/10/2022,spout01,sucrose05
abb,2,06/10/2022,spout02,sucrose20
abb,2,06/10/2022,spout03,sucrose00
abb,2,06/10/2022,spout04,sucrose30
abb,2,06/10/2022,spout05,sucrose10
aaw,3,06/15/2022,spout01,nacl050
aaw,3,06/15/2022,spout02,nacl025
aaw,3,06/15/2022,spout03,nacl100
aaw,3,06/15/2022,spout04,nacl000
aaw,3,06/15/2022,spout05,nacl150
abb,2,06/15/2022,spout01,nacl050
abb,2,06/15/2022,spout02,nacl025
abb,2,06/15/2022,spout03,nacl100
abb,2,06/15/2022,spout04,nacl000
abb,2,06/15/2022,spout05,nacl150
aaw,3,06/16/2022,spout01,nacl000
aaw,3,06/16/2022,spout02,nacl050
aaw,3,06/16/2022,spout03,nacl150
aaw,3,06/16/2022,spout04,nacl100
aaw,3,06/16/2022,spout05,nacl025
abb,2,06/16/2022,spout01,nacl000
abb,2,06/16/2022,spout02,nacl050
abb,2,06/16/2022,spout03,nacl150
abb,2,06/16/2022,spout04,nacl100
abb,2,06/16/2022,spout05,nacl025
aaw,3,06/17/2022,spout01,nacl150
aaw,3,06/17/2022,spout02,nacl000
aaw,3,06/17/2022,spout03,nacl050
aaw,3,06/17/2022,spout04,nacl025
aaw,3,06/17/2022,spout05,nacl100
abb,2,06/17/2022,spout01,nacl150
abb,2,06/17/2022,spout02,nacl000
abb,2,06/17/2022,spout03,nacl050
abb,2,06/17/2022,spout04,nacl025
abb,2,06/17/2022,spout05,nacl100
aaw,3,06/18/2022,spout01,nacl150
aaw,3,06/18/2022,spout02,nacl000
aaw,3,06/18/2022,spout03,nacl050
aaw,3,06/18/2022,spout04,nacl025
aaw,3,06/18/2022,spout05,nacl100
abb,2,06/18/2022,spout01,sucrose00
abb,2,06/18/2022,spout02,sucrose05
abb,2,06/18/2022,spout03,sucrose10
abb,2,06/18/2022,spout04,sucrose20
abb,2,06/18/2022,spout05,sucrose30
aaw,4,07/09/2022,spout01,sucrose00
aaw,4,07/09/2022,spout02,sucrose05
aaw,4,07/09/2022,spout03,sucrose10
aaw,4,07/09/2022,spout04,sucrose20
aaw,4,07/09/2022,spout05,sucrose30
aaw,4,07/10/2022,spout01,sucrose10
aaw,4,07/10/2022,spout02,sucrose00
aaw,4,07/10/2022,spout03,sucrose30
aaw,4,07/10/2022,spout04,sucrose05
aaw,4,07/10/2022,spout05,sucrose20
aaw,4,07/11/2022,spout01,sucrose05
aaw,4,07/11/2022,spout02,sucrose20
aaw,4,07/11/2022,spout03,sucrose00
aaw,4,07/11/2022,spout04,sucrose30
aaw,4,07/11/2022,spout05,sucrose10
aaw,4,07/15/2022,spout01,sucrose10
aaw,4,07/15/2022,spout02,sucrose00
aaw,4,07/15/2022,spout03,sucrose30
aaw,4,07/15/2022,spout04,sucrose05
aaw,4,07/15/2022,spout05,sucrose20
aaw,4,07/16/2022,spout01,sucrose05
aaw,4,07/16/2022,spout02,sucrose20
aaw,4,07/16/2022,spout03,sucrose00
aaw,4,07/16/2022,spout04,sucrose30
aaw,4,07/16/2022,spout05,sucrose10
aaw,4,07/17/2022,spout01,sucrose30
aaw,4,07/17/2022,spout02,sucrose10
aaw,4,07/17/2022,spout03,sucrose20
aaw,4,07/17/2022,spout04,sucrose00
aaw,4,07/17/2022,spout05,sucrose05
aaw,4,07/20/2022,spout01,nacl150
aaw,4,07/20/2022,spout02,nacl000
aaw,4,07/20/2022,spout03,nacl050
aaw,4,07/20/2022,spout04,nacl025
aaw,4,07/20/2022,spout05,nacl100
aaw,4,07/21/2022,spout01,nacl000
aaw,4,07/21/2022,spout02,nacl050
aaw,4,07/21/2022,spout03,nacl150
aaw,4,07/21/2022,spout04,nacl100
aaw,4,07/21/2022,spout05,nacl025
aaw,4,07/22/2022,spout01,nacl000
aaw,4,07/22/2022,spout02,nacl050
aaw,4,07/22/2022,spout03,nacl150
aaw,4,07/22/2022,spout04,nacl100
aaw,4,07/22/2022,spout05,nacl025
aaw,5,03/15/2023,spout01,sucrose00
aaw,5,03/15/2023,spout02,sucrose05
aaw,5,03/15/2023,spout03,sucrose10
aaw,5,03/15/2023,spout04,sucrose20
aaw,5,03/15/2023,spout05,sucrose30
aaw,5,03/16/2023,spout01,sucrose10
aaw,5,03/16/2023,spout02,sucrose00
aaw,5,03/16/2023,spout03,sucrose30
aaw,5,03/16/2023,spout04,sucrose05
aaw,5,03/16/2023,spout05,sucrose20
aaw,5,03/17/2023,spout01,sucrose05
aaw,5,03/17/2023,spout02,sucrose20
aaw,5,03/17/2023,spout03,sucrose00
aaw,5,03/17/2023,spout04,sucrose30
aaw,5,03/17/2023,spout05,sucrose10
aaw,5,03/23/2023,spout01,sucrose10
aaw,5,03/23/2023,spout02,sucrose00
aaw,5,03/23/2023,spout03,sucrose30
aaw,5,03/23/2023,spout04,sucrose05
aaw,5,03/23/2023,spout05,sucrose20
aaw,5,03/24/2023,spout01,sucrose05
aaw,5,03/24/2023,spout02,sucrose20
aaw,5,03/24/2023,spout03,sucrose00
aaw,5,03/24/2023,spout04,sucrose30
aaw,5,03/24/2023,spout05,sucrose10
aaw,5,03/25/2023,spout01,sucrose30
aaw,5,03/25/2023,spout02,sucrose10
aaw,5,03/25/2023,spout03,sucrose20
aaw,5,03/25/2023,spout04,sucrose00
aaw,5,03/25/2023,spout05,sucrose05
aaw,5,03/29/2023,spout01,nacl050
aaw,5,03/29/2023,spout02,nacl025
aaw,5,03/29/2023,spout03,nacl100
aaw,5,03/29/2023,spout04,nacl000
aaw,5,03/29/2023,spout05,nacl150
aaw,5,03/30/2023,spout01,nacl000
aaw,5,03/30/2023,spout02,nacl050
aaw,5,03/30/2023,spout03,nacl150
aaw,5,03/30/2023,spout04,nacl100
aaw,5,03/30/2023,spout05,nacl025
aaw,5,03/31/2023,spout01,nacl150
aaw,5,03/31/2023,spout02,nacl000
aaw,5,03/31/2023,spout03,nacl050
aaw,5,03/31/2023,spout04,nacl025
aaw,5,03/31/2023,spout05,nacl100
abo,1,07/22/2023,spout01,sucrose00
abo,1,07/22/2023,spout02,sucrose05
abo,1,07/22/2023,spout03,sucrose10
abo,1,07/22/2023,spout04,sucrose20
abo,1,07/22/2023,spout05,sucrose30
abo,1,07/23/2023,spout01,sucrose10
abo,1,07/23/2023,spout02,sucrose00
abo,1,07/23/2023,spout03,sucrose30
abo,1,07/23/2023,spout04,sucrose05
abo,1,07/23/2023,spout05,sucrose20
abo,1,07/25/2023,spout01,sucrose05
abo,1,07/25/2023,spout02,sucrose20
abo,1,07/25/2023,spout03,sucrose00
abo,1,07/25/2023,spout04,sucrose30
abo,1,07/25/2023,spout05,sucrose10
abo,1,07/26/2023,spout01,sucrose30
abo,1,07/26/2023,spout02,sucrose10
abo,1,07/26/2023,spout03,sucrose20
abo,1,07/26/2023,spout04,sucrose00
abo,1,07/26/2023,spout05,sucrose05
abo,1,07/27/2023,spout01,sucrose20
abo,1,07/27/2023,spout02,sucrose30
abo,1,07/27/2023,spout03,sucrose05
abo,1,07/27/2023,spout04,sucrose10
abo,1,07/27/2023,spout05,sucrose00
abo,1,07/28/2023,spout01,sucrose00
abo,1,07/28/2023,spout02,sucrose05
abo,1,07/28/2023,spout03,sucrose10
abo,1,07/28/2023,spout04,sucrose20
abo,1,07/28/2023,spout05,sucrose30
abo,1,07/31/2023,spout01,nacl025
abo,1,07/31/2023,spout02,nacl100
abo,1,07/31/2023,spout03,nacl150
abo,1,07/31/2023,spout04,nacl000
abo,1,07/31/2023,spout05,nacl050
abo,1,08/01/2023,spout01,nacl100
abo,1,08/01/2023,spout02,nacl150
abo,1,08/01/2023,spout03,nacl025
abo,1,08/01/2023,spout04,nacl050
abo,1,08/01/2023,spout05,nacl000
abo,1,08/02/2023,spout01,nacl150
abo,1,08/02/2023,spout02,nacl025
abo,1,08/02/2023,spout03,nacl050
abo,1,08/02/2023,spout04,nacl000
abo,1,08/02/2023,spout05,nacl100
abo,1,08/03/2023,spout01,nacl100
abo,1,08/03/2023,spout02,nacl000
abo,1,08/03/2023,spout03,nacl025
abo,1,08/03/2023,spout04,nacl050
abo,1,08/03/2023,spout05,nacl150
abo,1,08/04/2023,spout01,nacl025
abo,1,08/04/2023,spout02,nacl100
abo,1,08/04/2023,spout03,nacl000
abo,1,08/04/2023,spout04,nacl150
abo,1,08/04/2023,spout05,nacl050
abo,1,08/06/2023,spout01,sucrose10
abo,1,08/06/2023,spout02,sucrose00
abo,1,08/06/2023,spout03,sucrose30
abo,1,08/06/2023,spout04,sucrose05
abo,1,08/06/2023,spout05,sucrose20
abo,1,08/07/2023,spout01,sucrose05
abo,1,08/07/2023,spout02,sucrose20
abo,1,08/07/2023,spout03,sucrose00
abo,1,08/07/2023,spout04,sucrose30
abo,1,08/07/2023,spout05,sucrose10
abo,1,08/08/2023,spout01,sucrose30
abo,1,08/08/2023,spout02,sucrose10
abo,1,08/08/2023,spout03,sucrose20
abo,1,08/08/2023,spout04,sucrose00
abo,1,08/08/2023,spout05,sucrose05
abo,1,08/09/2023,spout01,sucrose20
abo,1,08/09/2023,spout02,sucrose30
abo,1,08/09/2023,spout03,sucrose05
abo,1,08/09/2023,spout04,sucrose10
abo,1,08/09/2023,spout05,sucrose00
abo,2,02/21/2024,spout01,sucrose30
abo,2,02/21/2024,spout02,sucrose10
abo,2,02/21/2024,spout03,sucrose20
abo,2,02/21/2024,spout04,sucrose00
abo,2,02/21/2024,spout05,sucrose05
abw,1,02/21/2024,spout01,sucrose30
abw,1,02/21/2024,spout02,sucrose10
abw,1,02/21/2024,spout03,sucrose20
abw,1,02/21/2024,spout04,sucrose00
abw,1,02/21/2024,spout05,sucrose05
abo,2,02/22/2024,spout01,sucrose20
abo,2,02/22/2024,spout02,sucrose30
abo,2,02/22/2024,spout03,sucrose05
abo,2,02/22/2024,spout04,sucrose10
abo,2,02/22/2024,spout05,sucrose00
abw,1,02/22/2024,spout01,sucrose20
abw,1,02/22/2024,spout02,sucrose30
abw,1,02/22/2024,spout03,sucrose05
abw,1,02/22/2024,spout04,sucrose10
abw,1,02/22/2024,spout05,sucrose00
abo,2,02/23/2024,spout01,sucrose30
abo,2,02/23/2024,spout02,sucrose10
abo,2,02/23/2024,spout03,sucrose20
abo,2,02/23/2024,spout04,sucrose00
abo,2,02/23/2024,spout05,sucrose05
abo,2,02/26/2024,spout01,sucrose00
abo,2,02/26/2024,spout02,sucrose05
abo,2,02/26/2024,spout03,sucrose10
abo,2,02/26/2024,spout04,sucrose20
abo,2,02/26/2024,spout05,sucrose30
abw,1,02/26/2024,spout01,sucrose00
abw,1,02/26/2024,spout02,sucrose05
abw,1,02/26/2024,spout03,sucrose10
abw,1,02/26/2024,spout04,sucrose20
abw,1,02/26/2024,spout05,sucrose30
abo,2,02/28/2024,spout01,sucrose05
abo,2,02/28/2024,spout02,sucrose20
abo,2,02/28/2024,spout03,sucrose00
abo,2,02/28/2024,spout04,sucrose30
abo,2,02/28/2024,spout05,sucrose10
abw,1,02/28/2024,spout01,sucrose05
abw,1,02/28/2024,spout02,sucrose20
abw,1,02/28/2024,spout03,sucrose00
abw,1,02/28/2024,spout04,sucrose30
abw,1,02/28/2024,spout05,sucrose10
abo,2,03/05/2024,spout01,sucrose20
abo,2,03/05/2024,spout02,sucrose30
abo,2,03/05/2024,spout03,sucrose05
abo,2,03/05/2024,spout04,sucrose10
abo,2,03/05/2024,spout05,sucrose00
abw,1,03/05/2024,spout01,sucrose20
abw,1,03/05/2024,spout02,sucrose30
abw,1,03/05/2024,spout03,sucrose05
abw,1,03/05/2024,spout04,sucrose10
abw,1,03/05/2024,spout05,sucrose00
abo,2,03/06/2024,spout01,sucrose00
abo,2,03/06/2024,spout02,sucrose05
abo,2,03/06/2024,spout03,sucrose10
abo,2,03/06/2024,spout04,sucrose20
abo,2,03/06/2024,spout05,sucrose30
abw,1,03/06/2024,spout01,sucrose00
abw,1,03/06/2024,spout02,sucrose05
abw,1,03/06/2024,spout03,sucrose10
abw,1,03/06/2024,spout04,sucrose20
abw,1,03/06/2024,spout05,sucrose30
abo,2,03/07/2024,spout01,sucrose10
abo,2,03/07/2024,spout02,sucrose00
abo,2,03/07/2024,spout03,sucrose30
abo,2,03/07/2024,spout04,sucrose05
abo,2,03/07/2024,spout05,sucrose20
abw,1,03/07/2024,spout01,sucrose10
abw,1,03/07/2024,spout02,sucrose00
abw,1,03/07/2024,spout03,sucrose30
abw,1,03/07/2024,spout04,sucrose05
abw,1,03/07/2024,spout05,sucrose20
abo,2,03/08/2024,spout01,sucrose05
abo,2,03/08/2024,spout02,sucrose20
abo,2,03/08/2024,spout03,sucrose00
abo,2,03/08/2024,spout04,sucrose30
abo,2,03/08/2024,spout05,sucrose10
abw,1,03/08/2024,spout01,sucrose05
abw,1,03/08/2024,spout02,sucrose20
abw,1,03/08/2024,spout03,sucrose00
abw,1,03/08/2024,spout04,sucrose30
abw,1,03/08/2024,spout05,sucrose10
acd,1,05/07/2024,spout01,sucrose05
acd,1,05/07/2024,spout02,sucrose20
acd,1,05/07/2024,spout03,sucrose00
acd,1,05/07/2024,spout04,sucrose30
acd,1,05/07/2024,spout05,sucrose10
acd,1,05/08/2024,spout01,sucrose30
acd,1,05/08/2024,spout02,sucrose10
acd,1,05/08/2024,spout03,sucrose20
acd,1,05/08/2024,spout04,sucrose00
acd,1,05/08/2024,spout05,sucrose05
acd,1,05/09/2024,spout01,sucrose20
acd,1,05/09/2024,spout02,sucrose30
acd,1,05/09/2024,spout03,sucrose05
acd,1,05/09/2024,spout04,sucrose10
acd,1,05/09/2024,spout05,sucrose00
acd,1,05/10/2024,spout01,sucrose00
acd,1,05/10/2024,spout02,sucrose05
acd,1,05/10/2024,spout03,sucrose10
acd,1,05/10/2024,spout04,sucrose20
acd,1,05/10/2024,spout05,sucrose30
acd,1,05/14/2024,spout01,sucrose30
acd,1,05/14/2024,spout02,sucrose10
acd,1,05/14/2024,spout03,sucrose20
acd,1,05/14/2024,spout04,sucrose00
acd,1,05/14/2024,spout05,sucrose05
acd,1,05/15/2024,spout01,sucrose20
acd,1,05/15/2024,spout02,sucrose30
acd,1,05/15/2024,spout03,sucrose05
acd,1,05/15/2024,spout04,sucrose10
acd,1,05/15/2024,spout05,sucrose00
acd,1,05/16/2024,spout01,sucrose00
acd,1,05/16/2024,spout02,sucrose05
acd,1,05/16/2024,spout03,sucrose10
acd,1,05/16/2024,spout04,sucrose20
acd,1,05/16/2024,spout05,sucrose30
acd,1,05/17/2024,spout01,sucrose10
acd,1,05/17/2024,spout02,sucrose00
acd,1,05/17/2024,spout03,sucrose30
acd,1,05/17/2024,spout04,sucrose05
acd,1,05/17/2024,spout05,sucrose20
acd,1,05/20/2024,spout01,nacl150
acd,1,05/20/2024,spout02,nacl000
acd,1,05/20/2024,spout03,nacl050
acd,1,05/20/2024,spout04,nacl025
acd,1,05/20/2024,spout05,nacl100
acd,1,05/21/2024,spout01,nacl025
acd,1,05/21/2024,spout02,nacl100
acd,1,05/21/2024,spout03,nacl150
acd,1,05/21/2024,spout04,nacl000
acd,1,05/21/2024,spout05,nacl050
acd,1,05/22/2024,spout01,nacl100
acd,1,05/22/2024,spout02,nacl150
acd,1,05/22/2024,spout03,nacl025
acd,1,05/22/2024,spout04,nacl050
acd,1,05/22/2024,spout05,nacl000
acd,1,05/23/2024,spout01,nacl050
acd,1,05/23/2024,spout02,nacl025
acd,1,05/23/2024,spout03,nacl100
acd,1,05/23/2024,spout04,nacl000
acd,1,05/23/2024,spout05,nacl150
acd,1,05/28/2024,spout01,nacl100
acd,1,05/28/2024,spout02,water
acd,1,05/29/2024,spout01,water
acd,1,05/29/2024,spout02,nacl100
acd,1,05/30/2024,spout01,nacl100
acd,1,05/30/2024,spout02,water
acd,1,05/31/2024,spout01,water
acd,1,05/31/2024,spout02,nacl100
acd,2,09/11/2024,spout01,nacl100
acd,2,09/11/2024,spout02,water
acd,2,09/16/2024,spout01,water
acd,2,09/16/2024,spout02,nacl100
acd,2,09/17/2024,spout01,nacl100
acd,2,09/17/2024,spout02,water
acd,2,09/18/2024,spout01,water
acd,2,09/18/2024,spout02,nacl100
acd,2,09/19/2024,spout01,water
acd,2,09/19/2024,spout02,nacl100
acr,1,08/20/2025,spout01,sucrose10
acr,1,08/20/2025,spout02,sucrose00
acr,1,08/20/2025,spout03,sucrose30
acr,1,08/20/2025,spout04,sucrose05
acr,1,08/20/2025,spout05,sucrose20
acr,1,08/21/2025,spout01,sucrose05
acr,1,08/21/2025,spout02,sucrose20
acr,1,08/21/2025,spout03,sucrose00
acr,1,08/21/2025,spout04,sucrose30
acr,1,08/21/2025,spout05,sucrose10
acr,1,08/22/2025,spout01,sucrose30
acr,1,08/22/2025,spout02,sucrose10
acr,1,08/22/2025,spout03,sucrose20
acr,1,08/22/2025,spout04,sucrose00
acr,1,08/22/2025,spout05,sucrose05
acq,1,08/28/2025,spout01,sucrose10
acq,1,08/28/2025,spout02,sucrose00
acq,1,08/28/2025,spout03,sucrose30
acq,1,08/28/2025,spout04,sucrose05
acq,1,08/28/2025,spout05,sucrose20
acr,1,08/29/2025,spout01,sucrose05
acr,1,08/29/2025,spout02,sucrose20
acr,1,08/29/2025,spout03,sucrose00
acr,1,08/29/2025,spout04,sucrose30
acr,1,08/29/2025,spout05,sucrose10
acr,1,08/30/2025,spout01,sucrose30
acr,1,08/30/2025,spout02,sucrose10
acr,1,08/30/2025,spout03,sucrose20
acr,1,08/30/2025,spout04,sucrose00
acr,1,08/30/2025,spout05,sucrose05
acq,1,08/30/2025,spout01,sucrose30
acq,1,08/30/2025,spout02,sucrose10
acq,1,08/30/2025,spout03,sucrose20
acq,1,08/30/2025,spout04,sucrose00
acq,1,08/30/2025,spout05,sucrose05
acr,1,09/01/2025,spout01,sucrose20
acr,1,09/01/2025,spout02,sucrose30
acr,1,09/01/2025,spout03,sucrose05
acr,1,09/01/2025,spout04,sucrose10
acr,1,09/01/2025,spout05,sucrose00
acr,1,09/04/2025,spout01,nacl050
acr,1,09/04/2025,spout02,nacl025
acr,1,09/04/2025,spout03,nacl100
acr,1,09/04/2025,spout04,nacl000
acr,1,09/04/2025,spout05,nacl150
acq,1,09/04/2025,spout01,nacl050
acq,1,09/04/2025,spout02,nacl025
acq,1,09/04/2025,spout03,nacl100
acq,1,09/04/2025,spout04,nacl000
acq,1,09/04/2025,spout05,nacl150
acr,1,09/05/2025,spout01,nacl000
acr,1,09/05/2025,spout02,nacl050
acr,1,09/05/2025,spout03,nacl150
acr,1,09/05/2025,spout04,nacl100
acr,1,09/05/2025,spout05,nacl025
acr,1,09/06/2025,spout01,nacl150
acr,1,09/06/2025,spout02,nacl000
acr,1,09/06/2025,spout03,nacl050
acr,1,09/06/2025,spout04,nacl025
acr,1,09/06/2025,spout05,nacl100
acr,1,09/09/2025,spout01,water
acr,1,09/09/2025,spout02,water
acr,1,09/09/2025,spout03,water
acr,1,09/09/2025,spout04,water
acr,1,09/09/2025,spout05,water
acr,1,09/10/2025,spout01,water
acr,1,09/10/2025,spout02,water
acr,1,09/10/2025,spout03,water
acr,1,09/10/2025,spout04,water
acr,1,09/10/2025,spout05,water
acr,1,09/17/2025,spout01,sucrose20
acr,1,09/17/2025,spout02,sacc20
acr,1,09/17/2025,spout03,water
acr,1,09/17/2025,spout04,sucrose05
acr,1,09/17/2025,spout05,sucrose10
acr,1,09/18/2025,spout01,sucrose05
acr,1,09/18/2025,spout02,sucrose20
acr,1,09/18/2025,spout03,sucrose10
acr,1,09/18/2025,spout04,water
acr,1,09/18/2025,spout05,sacc20
acr,1,09/19/2025,spout01,sacc20
acr,1,09/19/2025,spout02,sucrose10
acr,1,09/19/2025,spout03,sucrose05
acr,1,09/19/2025,spout04,sucrose20
acr,1,09/19/2025,spout05,water
acr,1,01/14/2026,spout01,sucrose00
acr,1,01/14/2026,spout02,sucrose30
acr,1,01/14/2026,spout03,sucrose05
acr,1,01/14/2026,spout04,sucrose20
acr,1,01/14/2026,spout05,sucrose10
acr,1,01/15/2026,spout01,sucrose05
acr,1,01/15/2026,spout02,sucrose20
acr,1,01/15/2026,spout03,sucrose10
acr,1,01/15/2026,spout04,sucrose00
acr,1,01/15/2026,spout05,sucrose30
acr,1,01/16/2026,spout01,sucrose30
acr,1,01/16/2026,spout02,sucrose10
acr,1,01/16/2026,spout03,sucrose20
acr,1,01/16/2026,spout04,sucrose05
acr,1,01/16/2026,spout05,sucrose00
acr,1,01/21/2026,spout01,nacl025
acr,1,01/21/2026,spout02,nacl050
acr,1,01/21/2026,spout03,nacl000
acr,1,01/21/2026,spout04,nacl150
acr,1,01/21/2026,spout05,nacl100
acp,1,01/21/2026,spout01,sucrose30
acp,1,01/21/2026,spout02,sucrose05
acp,1,01/21/2026,spout03,sucrose00
acp,1,01/21/2026,spout04,sucrose10
acp,1,01/21/2026,spout05,sucrose20
acr,1,01/22/2026,spout01,nacl000
acr,1,01/22/2026,spout02,nacl100
acr,1,01/22/2026,spout03,nacl050
acr,1,01/22/2026,spout04,nacl025
acr,1,01/22/2026,spout05,nacl150
acp,1,01/22/2026,spout01,sucrose00
acp,1,01/22/2026,spout02,sucrose20
acp,1,01/22/2026,spout03,sucrose30
acp,1,01/22/2026,spout04,sucrose05
acp,1,01/22/2026,spout05,sucrose10
acr,1,01/23/2026,spout01,nacl025
acr,1,01/23/2026,spout02,nacl150
acr,1,01/23/2026,spout03,nacl100
acr,1,01/23/2026,spout04,nacl050
acr,1,01/23/2026,spout05,nacl000
acp,1,01/23/2026,spout01,sucrose30
acp,1,01/23/2026,spout02,sucrose10
acp,1,01/23/2026,spout03,sucrose05
acp,1,01/23/2026,spout04,sucrose20
acp,1,01/23/2026,spout05,sucrose00
acr,1,01/28/2026,spout01,sucrose10
acr,1,01/28/2026,spout02,sucrose00
acr,1,01/28/2026,spout03,sucrose30
acr,1,01/28/2026,spout04,sucrose05
acr,1,01/28/2026,spout05,sucrose20
acp,1,01/28/2026,spout01,sucrose10
acp,1,01/28/2026,spout02,sucrose00
acp,1,01/28/2026,spout03,sucrose30
acp,1,01/28/2026,spout04,sucrose05
acp,1,01/28/2026,spout05,sucrose20
acr,1,01/29/2026,spout01,sucrose00
acr,1,01/29/2026,spout02,sucrose05
acr,1,01/29/2026,spout03,sucrose20
acr,1,01/29/2026,spout04,sucrose30
acr,1,01/29/2026,spout05,sucrose10
acp,1,01/29/2026,spout01,sucrose00
acp,1,01/29/2026,spout02,sucrose05
acp,1,01/29/2026,spout03,sucrose10
acp,1,01/29/2026,spout04,sucrose20
acp,1,01/29/2026,spout05,sucrose30
acr,1,01/30/2026,spout01,sucrose30
acr,1,01/30/2026,spout02,sucrose10
acr,1,01/30/2026,spout03,sucrose20
acr,1,01/30/2026,spout04,sucrose05
acr,1,01/30/2026,spout05,sucrose00
acp,1,01/30/2026,spout01,sucrose30
acp,1,01/30/2026,spout02,sucrose10
acp,1,01/30/2026,spout03,sucrose20
acp,1,01/30/2026,spout04,sucrose05
acp,1,01/30/2026,spout05,sucrose00
acr,1,02/02/2026,spout01,water
acr,1,02/02/2026,spout02,water
acr,1,02/02/2026,spout03,water
acr,1,02/02/2026,spout04,water
acr,1,02/02/2026,spout05,water
acr,1,02/03/2026,spout01,water
acr,1,02/03/2026,spout02,water
acr,1,02/03/2026,spout03,water
acr,1,02/03/2026,spout04,water
acr,1,02/03/2026,spout05,water
acp,1,02/04/2026,spout01,nacl025
acp,1,02/04/2026,spout02,nacl100
acp,1,02/04/2026,spout03,nacl050
acp,1,02/04/2026,spout04,nacl150
acp,1,02/04/2026,spout05,nacl000
acp,1,02/05/2026,spout01,nacl000
acp,1,02/05/2026,spout02,nacl050
acp,1,02/05/2026,spout03,nacl100
acp,1,02/05/2026,spout04,nacl150
acp,1,02/05/2026,spout05,nacl025
acp,1,02/06/2026,spout01,nacl025
acp,1,02/06/2026,spout02,nacl000
acp,1,02/06/2026,spout03,nacl150
acp,1,02/06/2026,spout04,nacl100
acp,1,02/06/2026,spout05,nacl050
acp,1,02/09/2026,spout01,water
acp,1,02/09/2026,spout02,water
acp,1,02/09/2026,spout03,water
acp,1,02/09/2026,spout04,water
acp,1,02/09/2026,spout05,water
acp,1,02/10/2026,spout01,water
acp,1,02/10/2026,spout02,water
acp,1,02/10/2026,spout03,water
acp,1,02/10/2026,spout04,water
acp,1,02/10/2026,spout05,water
acr,1,02/11/2026,spout01,sucrose10
acr,1,02/11/2026,spout02,water
acr,1,02/11/2026,spout03,sucrose05
acr,1,02/11/2026,spout04,sucrose20
acr,1,02/11/2026,spout05,sacc20
acr,1,02/12/2026,spout01,sucrose05
acr,1,02/12/2026,spout02,sucrose20
acr,1,02/12/2026,spout03,sucrose10
acr,1,02/12/2026,spout04,water
acr,1,02/12/2026,spout05,sacc20
acr,1,02/13/2026,spout01,sacc20
acr,1,02/13/2026,spout02,sucrose05
acr,1,02/13/2026,spout03,water
acr,1,02/13/2026,spout04,sucrose20
acr,1,02/13/2026,spout05,sucrose10
acp,1,02/18/2026,spout01,sucrose20
acp,1,02/18/2026,spout02,sucrose10
acp,1,02/18/2026,spout03,sucrose05
acp,1,02/18/2026,spout04,water
acp,1,02/18/2026,spout05,sacc20
acp,1,02/19/2026,spout01,sacc20
acp,1,02/19/2026,spout02,water
acp,1,02/19/2026,spout03,sucrose20
acp,1,02/19/2026,spout04,sucrose10
acp,1,02/19/2026,spout05,sucrose05
acp,1,02/20/2026,spout01,sucrose10
acp,1,02/20/2026,spout02,sucrose05
acp,1,02/20/2026,spout03,water
acp,1,02/20/2026,spout04,sacc20
acp,1,02/20/2026,spout05,sucrose20
